,Nose-Neck-RShoulder,Nose-Neck-LShoulder,Neck-RShoulder-RElbow,Neck-LShoulder-LElbow,RShoulder-RElbow-RWrist,LShoulder-LElbow-LWrist,RHip-RShoulder-RElbow,LHip-LShoulder-LElbow,MidHip-RHip-RShoulder,MidHip-LHip-LShoulder,MidHip-RHip-RKnee,MidHip-LHip-LKnee,RHip-RKnee-RAnkle,LHip-LKnee-LAnkle,RKnee-RAnkle-RBigToe,LKnee-LAnkle-LBigToe,MidHip-X,MidHip-Y
0,89.80006935146511,90.22936588037929,137.54131561396534,137.4556598918451,87.43109386321471,87.67807902313648,55.80584447774043,55.4858481992943,98.3189496856144,98.13251117653327,83.60130317885212,87.86059980413793,171.3909161914807,179.5625687979424,166.4682615550347,146.8318020479161,224.008,188.445
1,89.79556550055777,90.23387196148438,137.547543065616,137.45522488189346,87.43182489512598,87.67154163458308,55.808312208969305,55.479439892791945,98.31517986225415,98.12655211930503,83.59874930694441,87.86274805056416,171.3804139977153,179.55510824416504,166.38499240906182,146.7485004058315,224.008,188.45
2,89.80207360240405,90.22040575757492,139.8730287800918,137.45214409382436,82.25468744780383,87.68509635184773,58.139483198071076,55.21446143102744,108.9265145042407,97.85418858734093,72.98539631002474,87.80014597095676,171.37693225329247,179.62233812357823,166.38221233795502,146.80928161288608,224.009,189.312
3,89.79757142370123,90.22493260524794,139.87512724672624,137.45741106760948,82.23655966870109,87.67985106246998,58.144404950541784,55.22029202297154,98.3167727717491,88.95995310872077,83.59616513442771,96.70479112456208,171.36730219692635,179.61264599390668,166.24329406926188,146.68723268965056,224.008,188.452
4,83.9198492123151,90.22047647350753,129.1018722524365,137.4602682108716,90.00580508996009,87.69447724677461,52.988074590511054,55.48445854740332,98.0514465015928,98.11609859417223,83.60057575788605,87.87526497969728,171.36564148082473,179.56146108536518,166.34897119439617,146.84587728714774,224.007,188.447
5,83.92195077566055,90.21777169839513,129.0921525385426,137.45911849456448,90.00515496351869,87.70540260397028,52.989180790127,55.47516008708289,98.05543202035835,98.11421713793291,83.59771109541806,87.88043634510207,171.35497444912872,179.54476698816788,166.26098624591097,146.74744928813362,224.008,188.448
6,83.88269231677315,90.2482321241554,131.43269823028857,137.47427506108266,87.64328599828369,87.71327752463135,55.336475739055686,55.48813436571052,98.05333942447857,98.12457322926278,83.57935453099216,87.86148673833888,171.35433002241817,179.56151049947118,166.19349552415156,146.669110852945,224.004,188.447
7,89.79305870343356,90.24827391675497,139.87833572509018,137.46597685572044,85.09062739915434,87.72857484785868,58.134464316065106,55.47794027540751,98.31608428786203,98.12269174240636,83.5888124319389,87.87096034648562,171.35289223544453,179.534820274425,166.20929706392337,146.62414326105431,224.008,188.445
8,89.79710288733574,90.23031293666075,139.8474003890969,137.48192952857798,82.26415035350006,87.6916424145581,58.107098257789666,55.23324478270567,98.31822204397932,88.94841947393377,83.57096651933878,96.69921939183753,171.34662319865564,179.62549164807177,166.33935713631243,146.64220895889585,224.005,188.451
9,83.89706531355559,90.24561439191719,129.09335658027314,137.47753391519464,89.9915745628199,87.69537336489987,52.990700567655864,55.47628450525431,98.07733689511326,98.09489272742081,83.56815941083643,87.88936044218684,171.35145345165242,179.53473214890835,163.93712829374581,146.6880668584833,224.009,188.44
10,89.79259296904358,90.22860976729864,137.52110045352774,137.46216272352902,87.46533439191454,87.69823531325181,55.79177548678211,55.47563359012997,98.34183223999041,98.09707142874625,83.56854905668504,87.88705092628655,171.33265901440532,179.53070929271712,166.25940250026483,146.55408807940202,224.01,188.446
11,83.90059498842218,90.22411703846058,129.05649248777254,137.44597109790968,90.03698042920318,87.72142014249077,52.96322182954391,55.455691911387255,98.09381268787125,98.07242349388,85.48798473547771,87.90275948822577,175.56661710823977,179.5454701694617,166.2603148650248,146.72834425527586,224.011,188.44
12,83.9043302376171,90.22591509621805,129.07290974474594,137.47147285400274,90.00236150178387,87.70216374885793,52.97646407376846,55.47838781798628,98.07739729479059,98.08631343424132,83.56279899615888,87.89464463537196,171.34927189602087,179.55129755819436,163.84923811514614,146.62546296193543,224.008,188.445
13,83.87922795200252,90.22484798674456,129.04085569349732,135.12039078840863,89.98245098223872,90.01970351503726,52.96224674746401,55.01428733546287,98.08717933080395,99.95728780533216,83.55534798153032,87.91027128882331,171.3490463639003,179.5313631653808,163.93180524526923,146.59399227594764,224.011,188.439
14,83.90781740588302,90.20798993024034,129.04414745246348,137.47412343281934,90.00968585196014,87.68554180809672,52.95242265459586,55.48822499619692,98.08016942149054,98.07261228947168,85.4876344477123,87.91547358704875,175.55808693821984,179.55423279242177,166.2303774647954,146.62633505921764,224.009,188.443
15,83.90167640667285,90.207983953077,129.03800047608996,137.4715016722343,90.01316696267996,87.68467356024536,52.94758081176533,55.4874846159591,98.07528656273306,98.07450701797018,85.33161426128525,87.91528499612397,175.41972356464234,179.55414904375087,179.52803055443448,146.75932626990524,224.008,188.444
16,83.8964316778795,90.21250375279362,129.0429725829869,137.47981447210626,89.99353572788952,87.67635478030984,52.95782493871827,55.232544691746526,98.06735660010573,88.89568561103286,85.50229368199957,96.75286154242058,175.55749974422832,179.6292932743021,179.30561623866544,146.64719949687017,224.009,188.444
17,83.89332991372684,90.20175088332405,129.01825417557149,137.47355748807936,90.04905347211935,87.68685854869842,52.93036709234858,55.496426166139095,98.05698122997184,98.06468416811215,85.3491157113334,87.92099757883058,175.42731798746064,179.56769000034578,179.85648006689138,155.58639702721362,224.007,188.441
18,83.90989611612844,90.18649788852593,129.0287081835179,137.46442739624547,90.03570753996408,87.69669147306121,52.94356053924952,55.49044184835484,98.07991570349174,98.0719971003364,85.49471703830223,87.91072161270485,175.56792254944378,179.57023311691384,179.51314550752198,146.8412123070316,224.008,188.444
19,83.90851162015177,90.19549144520415,129.04202747516862,137.47537460912577,90.05439738922391,87.69274713995232,52.94437782182278,55.502318862185085,98.07492766422403,98.06250359169093,85.49016675827795,87.92080666681274,175.58513348402707,179.59710863834405,179.89463192678886,155.73874335645903,224.005,188.441
20,83.89549518289083,90.20177657656933,129.02613841969497,137.45716892334292,90.05378975727471,87.70676665952277,52.93666289983677,55.48033828221675,98.0700443624388,98.06501382887087,85.3342423057855,87.92063097572711,175.4354226976178,179.59443738700182,179.94702892060155,155.80729975640034,224.005,188.442
21,89.79162585658615,90.18927547028798,137.4932786751607,137.4306610188256,90.65533490929995,87.73825423732593,55.7692102161452,55.45692554993812,98.34418814530815,98.05558666258385,85.32606498832422,87.91572995807243,175.43722393925512,179.5965067243758,179.9263707477654,155.67259280457958,224.007,188.442
22,89.78915045228095,90.18482649815523,137.49512984511802,137.44161931409047,90.65470856692605,87.7238123066522,55.778324575979596,55.46660526350577,98.33198416787675,98.05431756512696,85.3455935594163,87.91574521309552,175.44685200683764,179.58524754379025,179.97805789256313,155.7391112523513,224.008,188.44
23,83.89091894064227,90.18482086464788,129.0456806219056,137.4470860285086,93.21367616258235,87.71833278094863,52.96554913683917,55.47363987783945,98.08293885840979,98.0558854650428,85.33528761230015,87.9155690733562,175.45431108364625,179.59111717161724,179.9962017204254,155.7923577577445,224.008,188.442
24,89.79612684590568,90.19106464347354,137.4819220733617,137.46951096053587,90.68348207424866,87.70214445534025,55.766930455303644,55.485737446592516,98.35332476743545,98.05182276824088,85.33396871238371,87.92099757883058,175.43994568976765,179.5825701079404,179.90564290037986,155.6488010665946,224.009,188.441
25,89.79367481481371,90.18029425086715,137.48689293016602,137.4477299600151,90.65908527921302,87.73510350994651,55.77947846443039,55.46897619101302,98.35390987739439,98.06101996263533,85.33363773926159,87.90554251388409,175.43697653227218,179.58200811057426,179.483591216003,146.82209008285685,224.011,188.439
26,83.91126525803148,90.17762244480654,129.06680254974847,137.46189700478013,93.15333779370866,87.71676284607842,52.9888946830127,55.47213655741079,98.07947578164952,98.04584669344744,85.50423840242091,87.91851130073468,175.60196777804737,179.5853281938211,179.89738069914537,155.69230228591087,224.012,188.44
27,83.89614226846166,90.1865736813388,129.0520981075992,137.4697353276931,90.00554756806825,87.67743665210915,52.97483940072836,55.49443531751809,98.08653836966596,98.07074787217563,85.33180099775257,87.91287166780474,175.43251493083665,179.5828351301845,179.66757833654398,155.5045804348034,224.008,188.436
28,83.90064308620244,90.18208591899581,129.0664024012042,137.467351335609,93.19368111634428,87.6763398429193,52.98466095736348,55.22403603841376,98.06949656516242,88.8904022155519,85.34747194874831,96.74619038988777,175.43826497405593,179.63972802445952,179.78950500467002,155.56229829103268,224.011,188.444
29,83.91246011995293,90.15783766950871,129.05741515885256,137.45866638633134,93.17410223894106,87.67874057210571,52.9921548131874,55.219216902960405,98.07987466963885,88.88636848132892,85.3531661834321,96.75328216805123,175.43091558915586,179.63632029088222,179.4608033074997,146.82831421677906,224.014,188.444
30,83.9214406451711,90.14487112318564,129.0631007729126,135.10038419083534,90.00925062502449,90.00856481823998,52.99028376067309,54.68453680999739,98.07223598912591,90.70759690469363,85.34327614255962,96.74666160262751,175.4183033453286,179.64728104534936,179.62225593294465,155.48403000424042,224.012,188.446
31,83.90769721640719,90.14487393861825,129.04077228740923,135.13464090190863,89.98650344968452,89.93238948556659,52.978326758639135,55.0419805991279,98.0688668592644,99.93270630094095,85.49571423239036,87.93061961625317,175.5524803275681,179.5436695159776,179.515402693848,146.81485173153462,224.01,188.442
32,83.90467041716975,90.14936912386685,129.0450921077587,135.10895991376427,89.99060120718714,89.98252431594688,52.99240964595386,55.010153025710395,98.08008740755194,99.91610568803043,85.49785524517354,87.94323522607391,175.54917917126582,179.5362134974209,179.4847823869168,150.89631687247547,224.014,188.442
33,83.90942021076157,90.15834578143134,129.06452336241134,135.12608120616645,89.96397952591342,89.97588136476358,52.9923136110332,55.03418856771328,98.07429747382362,99.93347396526808,83.55058677497387,87.94509275829556,171.3187678004016,179.54097504051114,177.0877718599627,151.00613679697472,224.011,188.438
34,83.92216502883605,90.15060808205784,131.4129416496372,135.12039331589173,84.77258817140574,89.99079597849511,55.34299618616066,55.02020955032227,98.07583473698648,99.93090173769461,83.55673245624996,87.93769803551372,171.3244534335054,179.54307859991727,177.1758344104122,150.97134855888257,224.013,188.439
35,83.94454660483177,90.14887401702242,129.06325031361118,137.52292441343832,89.97282404870093,87.66342506895471,53.009032818453555,55.50581816310245,98.10771968928726,98.03317973394421,83.3316994505602,87.9402614924775,171.21738099711064,177.97449404966645,177.3575556966736,161.21598866147076,224.019,188.435
36,89.94227070192865,94.98338756239282,137.2861224452856,140.02254888726364,87.6028397891051,93.09978055820464,55.287653300351714,54.66129949130802,98.15175501549187,90.66474197546552,85.24172857979782,96.79683659278115,175.42523965726275,179.64777871260767,179.44286259212146,146.95113401454213,224.009,188.441
37,93.76330394356414,91.18459835519798,137.4101185371462,140.01496764857671,87.42652095707426,93.16301912275266,55.40703143761049,54.58799824005123,98.09537505503225,90.68400560723683,85.36040926934486,98.81179629331038,175.63602044302476,175.11334346952685,179.87375452550654,153.46558185610147,224.018,188.445
38,89.90149897739735,95.01862918348255,134.85826074441746,137.4648394451901,86.87551342321947,92.48088380903954,52.84423470391235,52.08245923472023,108.64974032034424,99.56187137665495,76.90336483442147,89.99161967313198,177.48443529085068,177.5054157871712,164.37847515290127,176.81885340727936,224.013,189.314
39,87.94192165252197,86.18533862349435,129.02979405047236,135.13748926421118,90.10291086297792,86.81428558279181,52.9728336425857,52.84881382562415,107.03405229792136,97.82122428615739,80.96615655986199,89.97782448134024,175.1698249018489,174.878302921209,164.09070422807733,174.57163052597423,224.897,189.312
40,89.91561368526939,95.4353882981921,129.8254617797791,137.9022460547973,98.4106627480854,89.14297205666006,47.83954683866502,48.40891923413472,98.14793681395953,86.90192363814197,99.34685026878634,103.8123221679443,157.68877135348583,164.86894697101383,157.98981671501605,158.6364904290425,224.905,191.184
41,94.15698859081259,85.92270517911835,132.45594178258594,130.37551690512979,86.35094621060577,97.93854989243066,50.42870629519729,46.22551025544413,98.11999486086657,95.8564317664762,103.87684296932059,99.21063744044837,147.53274641081285,154.972311275238,143.08604652488674,164.3546263654515,224.91,192.999
42,89.8850620553569,90.18962715048362,132.28518718060914,130.59114270687206,96.08172824996268,94.36064083369413,50.271821553857116,46.1550053090997,106.94435668747644,95.57920840544179,103.28758168123927,106.72626961976664,132.35454454685342,141.64273416188396,123.67559486346126,175.00122653234482,224.913,199.338
43,89.87983019440287,90.17898663585795,137.43075404598827,137.58015677252348,87.60454665057819,87.44301966167718,55.715290271156945,53.28914124423089,107.23820409038768,95.80595973862741,98.01113409941296,102.79687159518735,140.0724712791243,147.95138493636335,118.74981758571549,172.99804662037943,224.91,198.44
44,89.96072525017641,90.09718466269928,134.96828483063362,132.56229319946794,89.79429929343452,95.77715887754589,53.126212620278274,48.48892335921419,107.1460531627537,95.83459091098084,90.55008042523193,94.94300379493669,157.04156437274062,164.88570552753143,157.16158401065175,169.41246722429614,224.899,192.96
45,84.09624601082007,90.01976376286744,129.0581913043566,137.6085038965387,96.22057264466162,84.35783527305622,52.98827997525727,51.64314945815999,97.99800577664618,94.16690383852544,96.82661098417823,92.32885560746033,163.1701964121002,170.2098429332828,170.34368107028968,161.45017002665838,224.892,189.335
46,89.97948208082002,95.34136746326034,134.86242878105446,137.96788581918003,92.98674671091557,89.05421436233232,52.596389172776554,48.552714142453425,97.81285090304827,95.8078420055241,91.96214290722428,88.12967043624076,177.91668406427374,178.02575436102427,166.1068311785146,171.53088194031338,224.025,184.754
47,89.88809937349781,90.1556570144771,132.3218759078454,135.16509379981542,95.82224777980817,86.53746045205061,52.086201105697356,52.56043665707547,99.81935256989694,88.48194098890714,91.9015745170278,99.07147357344321,179.85411602735954,177.94392629952947,177.6806058492971,173.93447309055244,224.013,183.884
48,89.98413973148173,95.33515279007564,129.89886749906233,137.9993343298062,98.39891406806132,89.02259024476582,49.358920044653814,50.11947252320984,99.54627433317138,88.52276982331533,91.93754745056441,101.1030290349915,177.78589948429956,179.977669186421,167.493727249905,178.23561445077064,224.018,184.785
49,89.98898943524001,95.34451423947546,132.2357675481722,137.999295502413,99.12298681593391,89.0558851069904,51.69886971356607,50.356617439010115,99.57447028375489,97.55964029784913,93.92593938706165,92.20275932699874,178.1239337334675,179.80654755896188,170.54009749031204,178.11586075406538,224.015,184.775
50,90.00686309989415,95.31238463649196,132.2536223190859,140.3880418629405,98.86885087265118,86.56493599477868,51.7508605451565,52.73117269530633,99.56487467645051,97.56884741116005,91.95304794127539,90.19490810367523,177.7951559945729,175.85693112027639,167.50731508174204,176.1637775131862,224.016,184.767
51,89.9698046454549,95.35517467075391,129.86230826036373,138.01609665677864,101.38138326784325,86.10120401529258,47.59482516218703,50.35383752631535,97.75994140192452,97.57340429783575,89.99150043563012,92.16258388157931,175.80056498306283,179.78090245721165,167.5747853940498,178.0680903250971,224.011,184.781
52,89.91150910077455,95.43857013291354,132.48851638186346,140.373740925529,95.57054330396375,89.75210823762735,50.198321679048846,52.71191113022373,97.75612305747296,97.60093025928279,89.98679410308044,90.17281598551972,175.93196962299345,175.84824733676885,166.42968354766435,174.96944985350666,224.009,184.782
53,89.93416476252393,95.40904131255026,129.91458952894664,140.35039572745,101.3355745203793,86.57824905923295,47.634917291069684,52.44073175583447,97.74982324279401,88.53800285797826,89.99032351995447,98.99031174461916,175.91557793331594,176.00056768114317,160.09472454438483,176.09301130139397,224.008,184.788
54,89.91783066436923,95.43115903611424,129.88958242885033,140.34642081084036,101.37163726761563,89.78255163760645,47.607319261269254,52.4404303705759,97.7703094270476,88.5434330598623,89.97753031188626,101.01619771891747,175.90976068949993,179.85535065222103,167.4967097691369,177.99003642813014,224.008,184.789
55,89.90967053587684,95.43314754138487,129.81655736783026,140.33111170375142,101.51535256488773,83.78641380982423,47.51785088357178,52.441850086791355,97.74969069059615,88.57127539343382,89.97871980695822,98.97264176670741,175.90886022822906,175.87193262230454,160.12196844796975,175.97413965853437,223.999,184.797
56,89.89520597386294,95.44643527467517,129.82481667321187,140.3185112702683,101.52093024071566,83.8216270382429,47.50938042183331,52.4399002333028,97.7433969277754,88.57377504577411,91.9647277820085,101.0218917642035,179.9051200753121,179.8640567103651,168.33400140390603,177.96601950057175,223.997,184.799
57,85.81579737238421,94.26707527677782,134.81132602909787,135.09852939278554,93.37269540528794,83.91656274968864,52.520550348585886,50.6652150331796,97.76181851838673,95.53513728854503,91.98703306141927,92.21791396532952,179.95404084568077,179.8607000931976,169.59831338649533,178.03931033203327,223.997,184.773
58,89.91420526156618,90.17782847408368,134.82085861182892,137.4476768990355,93.38674679699805,84.71612765416381,52.491237108493074,53.01590325371367,97.74759550572706,95.51071062517185,92.01820290713235,92.2298389818764,179.9430782198349,179.80411687526868,170.59866927676134,177.95000854782353,223.993,184.753
59,89.90107708711177,95.397982211894,134.8889014437301,142.67347544433028,99.13003946294943,87.67403295080625,52.58493659845095,52.97096492764989,97.70695498092797,86.66496595235041,94.08903064107892,101.24838955676574,173.64243665522466,177.7665984294336,177.71346878269628,172.09037890860427,223.992,183.875
60,89.92673177969067,90.09846148218485,134.89703245597417,137.3585491344096,98.97636077918956,90.54161465239106,52.80502049933921,53.00019832830901,106.86179124613595,95.48981134851748,83.21219333424999,92.36152349206613,173.4548833758403,175.599288361779,160.10825720615927,169.7700186507569,224.004,184.746
61,84.0771915119045,90.0468795673083,129.0747181520044,135.23476111453274,96.34994917286107,90.01084702764757,52.94663301189685,49.24021398465216,97.91603933413275,94.09730833999929,96.8327447504088,97.16523837195358,160.88620513658165,160.66771477023778,178.9873267617414,158.654657998051,223.998,189.329
62,89.91842547049954,95.44970156078789,129.90036305424732,140.27946528917727,97.97728491456989,86.81630957114422,49.362474176843214,50.77745364477963,99.52704191860816,95.77037971543953,99.41804564859873,101.76900678392445,155.1897307025494,153.0967295875058,164.31698356343475,164.9526003589349,224.004,192.061
63,89.97350151143993,90.13979694703906,137.43174271600802,135.17839546260285,87.26786844386058,86.71550987045714,55.402618675798806,49.022321880665196,98.03377528519074,94.0016900027033,103.89609222659978,101.9003324869044,144.1771247901853,148.7740594287583,136.4922095616155,160.78216923142216,224.001,195.717
64,89.8234950799652,90.20321608620425,137.39449601409007,135.1868551070757,90.53706042488699,86.66046236866696,55.42305101949591,48.9054804843458,97.9628162684796,86.06208519852132,106.93931433547998,113.10066978026131,138.77360078220968,142.91447218154406,134.3885628243547,158.22626997127713,224.004,196.655
65,89.88833629236721,90.20230576459649,137.52855125210755,137.56249833743647,96.3470960377614,90.76624354781711,55.484906287676345,51.2392172847807,97.96016190717273,84.87759876851594,111.29721757287436,116.5235127879938,128.74843283466234,139.52672334235987,128.42652381605174,168.1793781042727,223.998,197.564
66,89.86551647842161,95.51917082415127,129.93986555677418,140.26961041175497,95.09720859842484,93.2308738847102,49.37785048888701,50.76918620393347,99.51354242792138,95.77806027479878,113.05482192099223,109.98490128612222,126.83499036282535,132.5085134080865,123.45710587678566,178.7392318511133,223.988,199.356
67,89.78135450775888,95.58181731547744,129.96677944570362,140.28674005304322,94.97454009822458,90.12109170363962,49.44456445793287,50.80630126245003,99.5554712009521,95.76391226567914,110.86499170221367,107.74525929486899,131.2866394814771,138.37310889750432,121.62227964308012,167.30320090991893,224.006,199.363
68,89.78265401823862,90.3117313844839,130.00695966009263,135.18625750231706,91.71353834539558,93.04911237589198,49.78251545387841,49.09661816234917,99.81119669300084,93.94785343481851,107.67735457954224,105.35550401132696,139.41783030956057,141.94374555356393,145.61572321362647,157.04780314050555,224.009,198.455
69,89.85814526004293,90.19758481509866,137.63338851100613,137.55105364478797,93.7434575594268,87.6875904551798,55.554824082092196,49.54829120431301,97.97724576443342,91.98778620328076,102.81401401159461,100.05829291900078,147.75354458815025,152.4212013646738,130.05575029577938,162.5340043935211,224.015,197.539
70,89.91442046879776,90.17331992083852,129.8919616228773,137.521523860084,95.05977374065444,90.71639352680486,49.6037026299598,51.42443096889454,99.75784634656739,93.9134760206016,94.77799814272365,94.8180372771114,165.23768241307215,167.77583677346513,169.8365977299896,172.60456318904193,223.986,190.259
71,89.98260236301036,89.98599991134662,132.54903975782364,134.91035247993048,88.9034570599454,90.11272622295473,51.980398317210515,50.63810892461144,99.40831852965593,95.72973642137447,94.55259067184933,94.50717917654801,168.59954996779442,170.99818382682446,173.0249636070058,159.49003742138288,223.982,186.579
72,95.21329854593534,95.99485594606253,140.22020449058618,143.19583932631124,93.39953435932642,87.69293976638481,52.82269836508323,51.14328567444014,97.98782370570835,86.12966791329572,96.50834453078991,104.50088247423191,176.73720682572852,174.9323926424866,161.88766869745777,168.3264668118232,223.125,177.5
73,91.1428646610583,100.06858182683986,142.9204058947485,143.36227705953425,99.64815706043056,84.36202195264114,55.21240487348066,51.27954489382282,97.72523310124414,93.64176189840413,96.545714057897,96.75274383368779,172.13332492988118,170.2048790567503,165.1648603907692,163.65529171957658,223.114,177.465
74,90.00593927930521,95.89988394379733,137.36773209408457,143.2528312099899,90.59365448548067,84.42070437919377,55.01597194674417,51.33313879441735,97.74802650145206,93.88957435690988,96.64758952713953,94.58647516730943,177.37313423890657,170.4124460843298,159.90652364054378,172.2289249889924,223.102,177.479
75,90.10779373241958,89.88445116270631,132.4804208124692,132.52445791315546,86.2344839191902,92.50539764813564,52.24987486231588,48.261532617955396,108.59117901036369,95.6546603611166,85.48211394851805,92.44833373643918,178.17483041040288,172.8775647765043,173.62929009741848,175.27321553871954,223.092,179.273
76,89.92334474348607,95.93350465383584,137.67422445397202,145.93581025463112,93.2826513372878,84.94223179160892,53.719749727896655,54.02105847310568,96.06837207973079,86.13886679283047,89.9236745413852,100.19165275142247,170.0838620254146,167.5734200564195,169.7255415836598,143.64300824406462,223.077,189.349
77,89.8896560432673,90.15414759128268,137.17935592637383,127.90268258933523,84.81104895192631,97.34660311686655,55.163854348025104,43.68776286817033,98.03222567498024,95.7996109455459,94.57803349863477,94.90856440367897,165.43426873110735,164.9547315630458,169.99665000115672,158.67169839049933,223.104,192.086
78,90.00497778686155,95.42648742928856,137.64022229263622,140.44435397595174,87.35469303624745,86.78007800259904,55.50495536103336,51.05399025315217,97.93517435475887,95.91852854874735,92.12103225359476,92.48215200705651,170.51214647388267,170.5771122275547,172.5079133811496,163.24825225527496,223.084,188.416
79,89.98843507371559,90.06687530607748,135.24358425106203,137.39709247527347,96.01638272424805,87.5367028351984,52.74253178181856,51.355224457253904,97.69332857218231,93.81803037865801,92.02769939895951,90.23756491288061,175.6737719265603,179.76325173976417,170.88480662807004,171.1755884786729,223.09,184.783
80,90.00355692706769,90.0340082872782,139.896500520384,135.13630162597244,88.17486551572222,89.85347501173749,56.00550232246587,50.94964760950217,96.09053466900612,95.77057534289783,92.10909607352583,92.3524894990142,179.85535834509037,177.79072026370798,163.6487206859481,175.72562660324724,223.079,181.12
81,86.13637442269169,93.9517208198443,137.38920286692817,137.5393420514524,87.77275268749763,84.27979880666255,55.2561729602901,51.37660539493169,98.03174047004639,86.1538061194158,96.44712953430775,102.33648713682803,176.75853604286843,171.11770360346202,162.035381072933,172.17347076245716,223.103,177.492
82,89.97924107604068,90.04894549882357,132.46220872532675,132.63592536128257,89.21278838198917,95.62211050797433,51.92807118279467,48.3251405360388,99.55363286435914,95.60643709062208,94.11700745616976,92.3387292550578,178.1245275698929,177.79153911422296,175.33564862194137,158.10633670309758,223.096,179.285
83,89.91024401559596,90.09605014888639,137.61919872505254,137.47069529726616,87.30736760323816,84.29353480927149,57.312757620230535,51.348120483492764,99.83956165763828,86.00724257104986,91.90313640616598,97.94891440743869,177.95839776628387,179.9099969868489,172.62077876617747,159.43847529080745,223.092,182.048
84,85.82120201579527,94.22589545520096,132.5817044621559,134.996412832406,92.35353769199845,86.77649814997156,52.00010753020527,48.90420248853597,99.56300327211784,93.81548658373234,92.05474654689006,90.18209470349869,171.0399035283849,175.38984969464212,172.96583433704237,159.3084625504052,223.11,185.687
85,90.0724942305022,89.9587035261329,132.603294192021,132.4542597088321,86.17325096495738,95.74311125981423,52.31048139695554,46.41093871133273,108.65017978281699,93.80715149478257,85.71468805441631,92.45070384874487,165.21047485413916,169.92303152316993,169.89985636140716,158.48983937956842,223.112,192.953
86,86.24021928130631,93.90376557039916,132.6976014256121,135.06500140659554,95.71675230476897,89.99737452323359,50.28588588819334,48.91359141110871,97.78469351765312,93.80275873624213,92.3020258897308,90.24412207642939,167.69824724851202,174.50931971853953,159.05407268071355,174.10377411868762,223.102,192.067
87,90.11937912440364,89.95611441315708,137.56073326598587,137.37892079173054,87.44679479598926,87.50377787237066,55.32056581233638,53.3564191923617,97.96268752429442,95.84351101746418,94.09924140833667,90.18430498955807,178.12755929391957,175.80492969381572,170.4362479340131,168.5518702588385,223.101,180.205
88,90.04775117160447,89.92716998270572,134.97679909968738,134.9508584212319,87.0898060202883,90.06459852176793,52.63962892156086,50.71570982584768,97.76518287615025,95.63981354117495,94.40756919283,92.24437293412818,177.2259687460526,175.30006534477218,165.79083217305268,173.02539193546644,223.107,178.393
89,89.9237069491122,90.1879329005853,137.80061551541385,142.32810345982537,93.83673055067625,82.6786590080813,57.417637591285455,56.14222758787312,108.69669819804815,93.65450594616588,89.68670242198245,92.56304753125256,178.86810229481247,168.9872888284606,162.27270772683917,159.70049752620753,223.976,177.448
90,89.89749121508169,90.19058563431396,135.1472824095084,137.54133071384516,102.2792222294386,84.21902560757033,54.49673179186119,53.175591013194285,99.56737589070949,95.46376194367461,98.81324715334814,92.45193044724401,175.8658202144597,172.89103845367714,175.14283705889042,177.81781207210005,223.986,177.46
91,89.9766309851265,90.12222034858866,135.03706233528172,137.48106490813873,90.22078923931925,84.14527485459205,52.90810515242241,51.35440664836909,106.89379739621818,93.74313460718598,85.24198743186025,90.24825153822005,173.53601759273283,175.683109499613,177.70505560867025,167.5957275815063,224.006,184.744
92,93.8052553071421,86.24184551629324,137.75908308771267,135.12005370759397,87.22343127526878,93.06368560343941,55.94818045149167,51.22730449075048,98.32182530216387,96.12934704767434,96.43332519043268,92.26233862471472,164.06681796377822,168.3167623494373,162.52478286010316,162.46117885518396,224.015,187.538
93,86.14884087235376,94.00142657962216,132.41132999305447,137.54719454039204,95.84477999066922,84.24460380425276,52.480086367886216,53.30780755732,109.07993993313366,95.89418729148116,95.03135269153377,101.69847087504448,152.48577028127727,147.54932367423245,150.5634892067859,159.61040828156135,224.887,195.71
94,89.94876260274705,90.17303705629672,134.94966580225397,139.8697230115152,96.24493419409919,79.07951121460425,54.73180624609889,53.69487027013168,99.786278763187,93.96391028946786,107.55105708895717,102.30603186456412,146.43313307256818,145.88522712590358,145.73921236079934,158.56925716898172,224.895,197.562
95,86.2821114223094,93.81840115955163,134.92471056624606,132.84479114311398,92.98834152125383,88.98469062967467,54.705282487891495,48.409113435286685,99.8791628655807,86.73167275274234,107.55773169032139,111.73409874218481,143.08901744802918,144.33952669555612,134.32544042654982,168.4224251953154,224.893,198.474
96,89.94484669531604,90.17728396800628,135.0021560276305,137.7406357292289,98.8237734197926,87.28693326165046,54.779018357506715,51.4024169559871,108.76858873932028,93.71099395710358,95.62146046365365,100.01154179202881,151.1841157351973,149.79931463904532,147.01131543293752,177.96662050381585,224.891,198.435
97,93.75621872506748,86.31243416768581,134.84819520436034,130.4091688671975,93.16305022028963,91.47953336277094,52.79966092255051,46.254361634753806,98.06327093356396,95.83109742919315,96.99114191574098,92.6744324533094,163.05296561909842,165.13748259567586,161.1519870967806,158.19292076900652,224.009,192.085
98,93.77015052083551,91.15945353344367,137.6521079280335,140.12054424673408,90.58541200581593,86.66348837732774,53.90125122886736,53.19857692100459,105.18463366975733,97.90236188984,83.23486902539662,90.29379597728848,172.84096759354102,172.4310970766261,174.8091829856051,178.3123575417461,223.104,188.408
99,89.89125940662213,90.17106901737468,140.5085241454373,130.47291916588802,100.5865557720681,88.61020002273095,56.54886322226298,47.937438480205046,104.98927524933775,97.37816893926573,85.25883878569304,90.27157506714974,173.4823433999271,177.8911991222985,177.69393344305428,177.65971282464744,223.101,185.655
100,88.73996212782959,91.31453822813869,129.5754937042796,142.78312153763946,93.04105999284668,84.85290571213542,50.800360818880655,55.09095162704161,95.9516694728782,89.91389387931281,93.89460269653539,98.0658446085806,178.20513739939426,179.91062628118547,169.18838170881145,172.719686083215,222.193,180.219
101,88.81788125366796,85.85589143658628,127.10075662273901,130.53220397771054,96.24005618555317,91.45213878829229,46.54646348693916,49.732452346082084,101.75277283500691,99.05513523100106,84.25255565073236,92.36969240957806,177.23140123344555,175.8691521014985,159.3547140425277,163.9248916878687,222.17,180.192
102,88.88001430246327,85.88079072005829,137.6265644440456,132.82581471701653,88.29149123957092,89.18244244374765,56.9524658516995,53.839493046429155,101.87794940827455,100.83584110134301,84.28356599882206,86.20343713025403,169.44516420928366,179.6559368129335,159.4056718263197,159.52070856401508,222.137,184.744
103,94.06987187287507,91.24687692027489,137.01021464475332,135.8876440781555,87.80072932384684,91.32244785175854,51.14899621017234,51.5976761598745,94.2606106207337,92.03669908545027,94.23205618297864,95.07496458494558,169.12242163941238,177.3424227959502,179.34310925343019,149.81736735432202,221.285,186.611
104,84.48983397272715,90.13217199042073,134.7045655351756,127.95027051551865,88.2791272619128,91.02672638181038,52.33069881146636,49.02823075575439,100.01728041902561,100.88287389128682,97.70003871790203,90.42021921558766,174.32116924337535,167.61523123527905,161.49380929097038,136.49366911073946,221.26,192.971
105,94.00630698119517,91.39329582876383,137.1970351838283,135.93904738067337,84.2326643714208,88.4499597819155,51.263086981875176,49.77800410731188,94.10940024325355,90.3183962206364,108.18004094720384,103.7353643750099,169.9240550556124,157.7435695598018,174.65307181681482,128.3084502302865,221.239,193.918
106,84.87759449857307,90.32101259898853,137.72590499547323,135.42747360712954,88.48719580300612,84.40890275320768,54.904701376273074,56.40835617686105,101.51051296434396,93.27113711926346,112.96384494768219,114.99581435372319,170.45535208908382,137.70269209796132,164.46056372221057,124.41004482364205,217.633,197.561
107,88.36078874199289,91.66391925432316,132.1385951876918,138.15301765666237,97.11883932526719,89.50317343469942,49.73155314509082,53.83446589342978,101.37153252782075,93.22037431457443,116.1584128645544,115.82720366827452,170.66433769852193,136.94289644291794,161.70875153121222,114.94255752162782,216.721,198.43
108,89.87724270965026,90.18571589996249,145.97943792345538,135.0770473457947,88.78329301363523,87.01439635048315,59.95467203152613,52.53852840457397,103.10530748233285,97.24611411865253,123.94796187697628,111.75654435307618,175.01934028052344,133.38904543906295,158.4366076839795,109.97912328939712,214.902,199.343
109,84.51349038816781,90.32285317140398,137.0487286921751,132.78927665911831,85.56664631824178,92.37770029443828,56.39524330143509,51.93018829477167,102.03075868525521,90.10426997656303,123.79703359505989,122.66492624553952,175.30052662976894,133.8574327517019,165.3506632447095,112.16349948433296,213.959,198.463
110,84.42497175070895,90.42588966001395,132.5159663039175,135.2274328964117,96.91073464383265,87.034719868376,51.89416630732115,54.44891566909245,102.08482130550556,90.20946159373702,123.8317494972637,125.64882713536625,175.51572829773852,134.42966358867247,163.46031567581971,110.67335107166153,212.126,198.441
111,77.59825833046922,97.63215700729774,132.64377005536005,137.73387063897425,93.55258988402338,87.59109291940666,53.412898699845364,53.20962681018491,103.69415181811387,95.5032535667786,125.55053348968242,118.82769375031961,158.2473541096471,148.6921151279385,161.89095492054807,131.8362108645779,205.763,198.439
112,84.54528458531725,90.22091242095446,132.1823885720031,140.34614247456045,96.05251832938566,87.84124800291885,55.27232104371519,54.03265413549882,97.63885029813174,93.91280238063351,130.15440126832002,124.33212648733277,142.1912917872626,159.6768863714012,116.48669579992163,139.5173168490214,200.298,197.554
113,92.46321874973887,87.52353098797161,126.77124045738292,145.62658557086078,99.07354869300897,81.52581223859482,53.21871672820833,52.16571636309612,91.87603788971361,92.37108491190223,137.22086586056824,124.78405548576782,141.6822705589936,170.50464112159716,123.51418988772232,167.03942448085863,197.55,196.659
114,91.68356040682268,92.99049410906903,128.63622818021523,151.17923173372012,96.29344096306559,81.5816963796186,52.447182333649764,52.25364540333951,89.53289890936419,92.44430769103151,130.92204733458055,128.23780217410288,142.56252473038484,178.3978491417765,120.70647218645492,156.84244099319912,194.806,195.742
115,92.8184135695841,87.73315644344886,129.88612200867345,138.3106233405678,101.20110068225418,86.71213574362446,52.44117667730854,48.708614422983445,97.17219033619105,104.01032252486335,108.0467627409013,120.52379260116452,157.763441582925,168.88474071866204,126.16101906897244,167.37485914024023,192.091,191.149
116,89.25783969334522,97.72125311569543,132.1951127633359,144.68210427843306,96.71533112971267,85.99354579764227,52.83364223632639,48.63447831916628,87.61173079269462,96.38603696734911,113.35881397100006,126.69816461046969,162.54640849832623,171.8792289178711,142.67980866440547,170.70359137361137,192.08,186.631
117,89.0455716406558,85.66219373971607,136.8080828760399,130.51576682075932,91.76515410855622,91.47968138336776,57.962000538880936,47.83324269253845,95.58347907282617,97.59706110097476,101.28904110706931,112.6265694887305,177.1736554855304,168.46297808635484,177.06543839053975,172.58624452370313,193.869,179.273
118,94.57850196112022,90.3443792609284,140.5810598962541,135.0825647437796,96.88752270579043,91.7017966378387,58.35764302490307,47.761101794765956,97.6359860922338,97.72487069598738,101.23835087531081,108.4898481128369,177.72006523371607,174.8840317132521,177.8771930972281,176.96446396576775,193.924,178.369
119,84.63519276400346,90.14222186928087,129.45084922662198,132.67719850535366,93.49848350496681,92.47870223761868,50.790441774809686,50.023104484046165,95.96727940311895,89.92553575358056,98.28118409654532,102.19390081735595,175.99856278293657,175.85425701633238,160.45654651927697,174.2320744953751,194.832,179.332
120,88.26101461444856,91.08212772192624,129.3954887313519,142.5662197624444,99.89777776212726,81.31629043204778,52.88359791639158,57.62126264840768,98.0945812759685,92.23348376033003,97.84590798815748,97.99224726013092,174.03496673037094,177.70838880360787,158.40322592089936,151.61121701356043,194.842,181.152
121,88.330934387888,91.72748068565082,135.0221292331783,133.26989619477203,96.77466612067076,94.097881624619,54.456365165378934,49.23546601365783,94.12915986914986,92.53029636845002,105.98861314699813,101.50995460174676,149.09666797050775,165.35803090671342,138.95190216772488,170.55131922407645,196.639,193.006
122,88.0229044255311,91.87630386684921,134.24292787804,136.09271820223654,94.98173603317403,85.85766612987038,55.955076372424216,51.93676353176911,105.1713939844693,90.47329315540027,103.25879552517766,105.62045011672268,137.3832971618874,158.72009309926509,137.8926235322131,176.48913684586205,198.441,195.727
123,84.40463637764678,90.35407343301772,135.20355895441688,130.4063855221646,100.58943442646262,88.6360447397556,56.661242643260145,46.11363222001469,96.38381723414861,88.05250119125748,114.93265102268465,100.63825776208745,131.44888971414127,155.60074736261376,138.29045837404945,170.11508798569554,200.313,198.476
124,89.73054222195307,95.64372024945366,145.84578788739123,137.92332215384832,93.71556316903876,89.43334050540388,64.15474563458336,48.485243460119705,107.2817895902985,95.80771652826019,108.39311823773993,98.06018340922921,126.93117151441743,147.08573198106487,132.64453500295323,155.33157859737716,202.091,199.354
125,83.884664893402,90.39560337020288,137.12127873642567,130.57815370968885,90.84149023512038,91.4379632317025,61.00928262675311,46.22284991616286,98.270625434328,88.02033557998521,114.0051395063241,103.0860724369186,129.03529367519985,152.0032981942855,115.208133390901,171.1477935804771,202.135,198.481
126,89.81473233346811,95.59981306843275,140.39804602698243,140.58589566785224,96.77410469499719,89.73018564777496,58.43411208118164,54.725920309338484,107.09490494011288,99.43636068828938,87.67902757366471,90.14673908758098,165.9490470142986,172.9124790763829,169.04432651259822,162.89419292974182,205.756,191.147
127,85.91392131924786,94.07715984044074,137.58007447886317,135.20583932500784,94.27913759476608,89.89302274343851,57.11910901307812,50.740339907637185,99.52992154272796,95.59685054071707,91.84690582152162,89.96907735406208,179.76311775817692,179.82281692299034,177.90415494530697,172.7665326884003,207.587,182.959
128,84.62942980569048,90.17590754229748,124.88556123889039,130.10498068936917,94.76734082255902,98.34373162078876,49.71879316975878,45.64402216349502,108.39120889455505,95.58984925994879,83.12783624462058,92.16984493086605,177.56512125077336,177.45425662416793,175.62630768214314,169.05933317673467,208.468,179.277
129,86.07829148554006,94.07887950797043,134.9376015607186,137.6909247734249,102.57258576537357,84.46415884240369,54.396915021504576,53.22642370489823,99.59143089963845,95.48813580380597,94.31071729473827,92.36305984150327,177.91142334983417,177.54804621998548,177.5813264369797,168.19399762513544,209.39,177.459
130,93.84595623131652,86.20814094573655,131.96911007880024,140.20681039814792,109.25325527205356,84.82606402310786,53.645743567296144,54.06654016614224,101.6488436133801,93.99385584609054,89.98372080830461,94.18964219129761,172.90698740823757,172.45330511567212,166.47943819831664,175.0588112160383,210.319,175.657
131,89.8530032788584,90.2531974381735,129.74183070481527,140.27822670826149,101.64879754814666,84.86990232720728,51.48171618504289,54.11636656111469,101.63292618630837,94.09827821088597,90.02365894980541,96.1906443710847,177.45689910473936,176.50993390837985,177.6508243399026,170.38456069344085,211.245,176.577
132,85.48045054589997,94.62070401587738,125.04441239182586,137.45255129296342,103.54860413925216,84.60851800095654,48.047889003317,51.35155682030018,94.13727005744698,94.08944448752251,98.8026326538671,98.52837297978483,175.58030429130363,174.62392743667644,152.10371592127828,173.32100787562635,213.975,184.796
133,89.96422882384695,95.29294225808025,131.97935489581306,143.0505802105978,102.61510741687003,83.87795568159102,53.887988362808535,51.82987849176031,93.88810185760846,94.34816548154544,95.81983793522652,100.33913448639208,172.23286415328423,172.79647543290884,120.81763979666009,160.73567578028926,214.851,187.532
134,89.94779320385697,95.46370983914325,132.45851475625778,137.99192703299195,99.58319012858409,89.11574050418741,52.0167120731096,46.46751805530378,99.27684728650331,94.09383658479273,96.98805020389001,108.24370677296807,158.62148608770852,176.04433101745826,120.20336678929668,157.6308676581078,215.81,192.995
135,90.06731686212402,95.3116527125328,132.40006636930002,138.07953613452216,99.52351719937283,92.5188446746854,51.67002461435265,46.56504511941861,90.15705562467713,94.19285771467706,108.03877701399702,110.32734468638822,155.05461171282954,170.7744995325931,113.69050848346025,177.82201808260848,216.706,193.926
136,88.13743396743736,86.63627129342989,129.37201402016393,135.3088139034249,102.42979841141168,86.4399018774215,54.45276069111669,48.94084685325137,99.43525491730077,94.17114211248325,107.08327610223718,121.49350045282654,147.08495717842737,174.93081324437546,98.30459154258867,175.46229131638864,221.263,197.548
137,89.98027879210768,96.00954583250068,134.84873330571895,146.15250827871503,99.22913882505708,87.69791560673666,56.185016897547015,52.08470640792782,101.08906297353602,92.20279014303495,112.33442965046865,124.7371799375654,141.89406287599817,177.6154083894745,98.20813781037089,176.6625313145717,222.2,198.456
138,89.89176878317444,96.06074757183019,129.17196122789412,146.16774369582427,108.14136377971353,91.0945836861977,50.24292774225708,50.15653170738767,91.87438532105514,90.35292572797759,126.73028195558157,126.57505546814888,141.00162658191178,176.74264417402387,102.78857541114328,171.42339249055786,225.844,199.375
139,88.51921809849081,86.27427165417261,124.08876119270747,142.56232627726857,104.41324253194466,85.41970556979336,50.41685982010103,52.483838527410086,93.1884629268563,90.2957514794374,125.43693470824353,126.66461002896823,146.66781940001584,176.25763005083564,106.27290074397025,179.31916484890564,228.566,199.386
140,89.97225261134399,96.08106692033017,129.8638242997934,146.25677272900936,101.63107255472211,91.19337950549397,49.12132253594061,52.19910637183159,91.49473592450613,92.18061988655747,126.63535293426105,128.4989265903911,153.7235921968082,177.39289988779905,116.5388634671258,166.66256234844136,230.386,199.379
141,85.92516539717755,94.25110710855701,137.73971722579952,135.24645555141896,92.96907825953602,96.0654438590493,55.28921838000945,48.74372339871588,97.67448100911922,85.89284420621081,126.71849643198554,137.67434048801024,168.6273749061404,155.61402651555514,174.35287374630286,137.27308357641124,238.576,198.467
142,78.82233067901363,95.68651424484537,135.12581147054397,129.4982954731474,83.72121602984924,93.5252564381932,53.051947397514034,48.94322566235849,105.81392336098881,93.59875013145252,120.99748435633457,118.88742947325206,175.52513103395967,151.42475211024032,158.55620586642385,119.11262791215105,242.27,195.704
143,78.19052977128138,106.68730253344881,139.8616113358312,137.33105894285853,83.82797430449203,96.38532121659114,52.70203002374125,52.9422585831785,105.62625294394645,95.12735758491095,124.12343056798184,114.9313855376912,178.34444989722687,157.57518949758364,156.8898167807626,124.27932816084795,243.18,193.865
144,79.30835019381628,105.49795027186934,142.6279247980638,142.06426908051247,83.8600897697744,89.03074331276234,55.83469902661714,54.286786722318155,98.48643770506973,84.02626158733702,129.89507485437804,113.13829846162291,175.128965407485,169.3233580212282,153.67436156193202,134.82540752323698,244.046,189.36
145,86.66957494669958,98.74641778853548,135.35609796373885,142.33529130763125,88.20723588492817,82.7606144595514,51.48076753079457,56.09892740737733,102.01826116857872,85.72710439601288,128.27576370095096,109.97910498781674,173.72131277158903,179.8945076932092,155.63400195018605,178.1873575515721,241.358,182.965
146,91.10105921751014,89.41359413513402,138.0432306345561,132.40510935830406,89.03447756027148,93.76787170622478,54.327802875909526,51.27079189553597,111.0420864314816,93.53167713223569,116.87941049066279,101.84689079561093,172.4421856858567,176.5700616108298,157.17883528001695,171.2300970665453,240.424,181.112
147,85.68439644224814,94.40487278327585,127.7645414232271,135.1542933651026,93.82369960844139,93.36981864825515,48.97787953587171,48.935078582572096,101.42431295991238,93.5875495733893,109.74161694609096,92.3693381947676,178.4446637419908,174.05584459480602,177.6523973920701,174.2860690917883,237.666,179.304
148,84.92121046544906,90.1514383169297,127.47620658425626,139.8070038287162,89.38587937493486,82.2876525046841,52.303347804556985,53.66348050144064,99.88769150161475,84.87794113108455,104.45121686473813,103.09388487788067,169.5661934318889,178.2020209553401,147.5241602027224,158.54205358959672,236.749,180.238
149,89.89218283203164,90.10781340466396,134.96263982659733,132.88486759803456,93.08715744549141,92.29939416465173,54.8010146980825,50.54245280195875,99.78538926199063,97.64728563863798,98.64850517226083,96.46293545779486,160.850478897874,164.89868550974134,149.32796094968438,157.08147347904514,234.961,187.523
150,86.23515358458985,99.0691101212338,137.42151794653594,137.95773519000016,90.36896992386734,92.27172463247551,55.21566854899989,50.19671261933752,105.4255846692701,97.55195640367153,93.5603131245904,99.45930006717775,157.4323644978035,155.11681281571583,178.1722141979389,146.1979957848665,234.932,192.948
151,89.86248225315654,90.23858184623451,139.92381391019512,130.74569909654443,90.67418244770859,91.14676743869549,57.62540993556132,48.10313710023296,97.74932463896083,97.41095793173513,115.21030758939874,107.9813173823076,132.31584272726172,135.5603800860457,147.98326000088204,153.3955946662624,231.31,199.366
152,84.56838898735803,90.17415228776947,129.8528247963581,132.75468132608273,89.7276613531075,95.52449433513398,52.56753956596902,50.17931985140481,97.5348051225625,97.41897984402257,118.51506512043596,107.14356986074675,127.88969704562312,132.85970264029584,138.37815643657245,161.31417894996972,230.406,200.266
153,89.73268449111013,95.64054403740252,137.0206867617645,140.29886758687275,87.83117978354903,90.1247963497996,52.89216483127517,52.442497031444915,95.91815424441894,88.80966800778785,117.56977518846509,116.41987348066854,127.75365883148547,132.23567881109653,136.694866189194,159.12897701982286,228.547,200.307
154,89.8373585062646,95.54291328304916,135.07398104053817,140.30922660548276,89.85897599787633,87.26303085396903,52.7151736266213,52.757797797254355,97.70588416321583,97.80303595918132,120.815509347101,107.09850297130151,124.50788640825938,132.92485510182814,136.87219630795906,159.37187513427907,226.758,200.299
155,89.820014966173,90.26400578526288,137.63833239321735,130.62799193935786,90.36455396803649,94.47395240569206,55.34618520694541,49.881903214986636,97.81906498613824,99.25846192945787,120.74779617852536,107.76952706869777,124.62332753422453,133.51978324459319,137.19192245206006,161.9110255097017,225.824,200.28
156,89.86012200824304,95.64595353065509,137.38288606815289,140.67136441454474,97.33716668365142,86.54352579556516,55.15412126803036,50.93357623314716,97.82470420940051,95.72372437527744,110.38484733232139,99.23831472311004,140.1748082458797,150.0638034707523,151.4502204853337,159.16566107600184,223.117,195.726
157,84.50508210071379,90.28395191646128,134.17223868080464,135.3085822777985,91.75148030958016,86.52848006501017,57.31191856019842,50.72571195631351,97.82577054383866,87.81951839507413,112.28633997037215,107.29371543174673,136.24966679253765,149.73002287576102,149.503394825696,159.10440611876191,223.111,195.727
158,89.84050895930622,96.20042068003053,137.1142802801867,143.6209412885377,94.10299406682176,90.43302681792055,55.13850115576469,53.34789124842071,97.97278361038639,86.85177234769279,91.9784199080934,99.12143448861934,175.8172165497642,171.231384479931,178.35154037674653,159.9613351006081,222.142,187.537
159,89.95761641406209,90.20467947314091,132.4739825732534,130.62164798940415,95.9467744910974,94.63036757739718,50.17849337704685,47.75443121170813,97.77034070205468,88.33247686515904,89.99050536641214,98.99604468815528,179.92481269652487,173.463864664524,172.11117147968153,150.23430688190868,221.265,186.615
160,90.12771883002684,90.01968475933506,132.34542848618366,132.73093738105655,104.80946783024285,92.4322443737353,51.53981212357822,51.638422566429604,99.33228579949528,98.7971214601108,89.97846121721496,88.24074231920298,176.10328054846664,177.99508478024816,168.1261673639641,156.66476388476286,221.235,185.67
161,93.6361780769937,86.47553079554174,134.92588548834922,135.14202534154467,96.48526882197012,90.0115516270323,54.42831845863335,52.40020506747562,108.40500699334785,97.20065407218496,82.97209759978864,88.15777760099355,175.80531793603726,175.90984672495182,177.70053868978962,158.56866370493702,220.37,185.662
162,93.58287597836157,86.5202634893729,132.51290441473887,135.10161827453288,95.50076146655199,89.92756805754506,53.42167247262883,54.094165372297276,101.01982040021541,98.95428568109018,91.76631345182895,90.1328245267743,173.76117176053577,173.64945984543445,171.84858945881726,178.74568978315978,220.33,185.687
163,90.0053849802671,90.09198310898807,132.44736643908632,132.83588334731746,95.50543123870901,92.24438419030913,53.391554764839626,51.7796318456153,101.01616745425426,98.95333362728852,91.75581990907062,90.11211010134336,171.86114090260153,173.65711442022527,170.15713405743733,177.77843804867936,220.325,185.694
164,90.01406704714539,90.05456866953793,132.4310453537675,132.7697653962627,95.51318081960375,89.42157718895449,51.69763756018086,51.79228534129575,99.37707150322085,98.97996870919481,89.89956978363709,88.24659099473551,169.69324790125862,169.72277855138148,169.89707124972878,174.2801884996329,219.457,185.693
165,89.99467956106324,90.06821297865629,132.44053806796902,132.7524140516621,95.51633729338043,92.27367474944317,51.70632806929029,51.78836333363495,99.38201123866021,98.9819435725114,89.8951129115162,88.25243396453827,171.8927315287858,169.728891826328,179.70101443756718,179.94709228304043,219.457,185.695
166,89.94556024919677,90.11154066442035,132.50197948607544,132.77110770679383,95.44694393573951,92.20719130920142,51.78148677626812,51.8112358222088,99.37377210909408,99.00227206404959,89.89924251028198,88.24711354612883,170.01813887904456,169.71607888601747,170.2218625661467,178.9886413675166,219.454,185.701
167,89.9257457166121,90.13135971091337,132.45302197606625,132.77231601144604,95.43076532580076,92.23002063200619,51.74731847381957,51.796740905383345,99.36671238460627,99.01901565168596,89.90964867545748,88.23273924303707,170.0055649517338,169.73229305781106,161.099319762486,179.0222223250798,219.454,185.699
168,89.90787449742768,90.14912200451651,134.70901231059005,132.83519298094348,95.82889178297242,92.1869497865111,54.051629330196135,51.54746175797295,99.37406135882439,89.87854894537242,89.8926857435671,97.06520197206254,169.99736763135408,169.6843991519999,161.08117209860228,178.98921566318896,219.449,185.705
169,85.11393527003855,90.18419083782865,127.59856412131552,132.845421050329,98.29920251408038,92.26736204592869,51.495248243248774,51.74533925043486,99.1215637622738,98.96178753387412,89.86521142508879,88.3010268421167,171.87268603288075,169.76374289986805,171.7664919045936,178.8809878661599,219.45,185.697
170,89.99588904032466,95.33981218705557,134.7372313602981,140.4079596542038,101.29187515370629,87.07556869410413,53.821242033114686,54.05660740693003,99.09833327301787,98.91508233937827,89.89255329101272,90.17444340446167,171.93385070136983,171.64719964529414,179.88340075141468,179.99995315901782,219.448,185.7
171,85.11714412788864,90.00068504450249,125.39832079333564,130.41412629564596,94.83777398049872,94.71874772129864,49.57802018202119,47.975582163623095,99.27271414425672,97.49130242074573,89.95023970310243,92.20282228322559,177.882277408076,173.5410748787446,161.943957463875,175.62802609277819,219.458,186.61
172,85.09068222906075,90.14866511495063,125.36572386189566,130.60207353220238,97.69044223743404,91.62859792757607,49.252100322258826,49.495746133041834,99.07074861259944,99.04245482676745,100.65992313268819,98.82837373979203,155.30455529488955,159.37694093502185,174.34350805046248,149.51047041551308,219.456,192.067
173,89.86334481541772,90.1196040851279,132.50442681450266,130.39857432149483,92.28526481248726,94.64150466233403,51.71567561296708,47.70012514124407,99.22621151074718,97.22678783371137,103.38539522118506,99.30874937094032,150.2688374338471,154.500422323931,172.7794839364408,145.43172207623763,220.323,193.875
174,89.93231362565163,90.09655850694368,127.70600106888114,125.95637880508366,97.25851066529903,95.89344790270191,46.877567192886765,44.89710510357799,99.19190990285979,98.92795678296206,105.50092953093343,105.67075060233338,145.1693056161173,144.441503571399,160.4288051860537,151.81687671561616,219.464,194.814
175,84.94163397746766,90.21067778731043,129.76497324087373,135.37613362982552,95.84296347378053,86.98969902365782,53.713629389213,52.45120344427557,98.9755883453018,97.26315829781791,110.25735049271033,110.67588869059183,134.08547825981304,132.80381410442322,144.80375287753833,144.04040845893493,219.427,198.458
176,93.81423583018322,91.44070557277873,134.62314438369083,142.86956302672795,95.82439956122501,90.17706322135365,53.71794166405113,54.7561629196218,98.98106297080781,97.33870578578963,111.16274560940202,113.51717517250222,133.16002721606213,129.94026288031242,144.90713813534998,153.509536421366,219.432,199.363
177,89.93684595601079,90.0804041190485,134.93725070846764,132.57054078824856,89.85811712865497,89.54191434103872,54.44007672611968,50.08533569975281,99.55054606936002,97.47913691193008,111.29005450502054,113.59704535919079,130.72361683722994,129.9072953824557,143.4834491617416,153.16591882981936,220.324,200.289
178,89.96687240754765,94.85802615847243,130.37156393072198,137.37887116432174,88.37880998295367,89.54559806351831,49.59270632501598,50.095427070475715,99.27461594368776,97.49324943216872,111.23229522807918,113.56944838306866,129.92121560050865,128.79628616729724,140.42715427588976,143.02765120812464,220.323,200.282
179,89.94957444933915,90.08745508800719,132.479487948425,132.86196219912355,92.47497129420796,89.21173044130626,51.726416596171426,50.15036542628544,99.31011699926697,97.28411886987313,111.24332786372871,111.39300234382344,128.7088253141399,133.37874277585547,140.95526974852424,154.4053078903584,220.342,200.269
180,89.90038771438562,90.15832275906797,132.55193942249724,132.77859414604936,92.42153006412352,92.20457025171311,53.82950701199311,49.99014703770272,110.0956919388183,97.20459929650461,101.6638127306773,109.30854589711234,131.6708862938072,135.5132308159798,151.94824973109368,154.4994080338428,220.366,200.257
181,90.01838164632912,90.02970598730404,129.92191502817815,132.5004077213057,98.39200786323318,95.46089895242245,49.39750090443029,48.197048253192115,99.51306983609813,95.68921539331234,109.9391967162309,105.3324605748388,136.76546121560327,142.83752826182726,156.50665530693837,139.65858491757007,221.281,200.264
182,89.98866113019153,95.46727679425769,132.48519201273558,142.8766503933399,98.80643297292235,87.62227165543463,53.667738669629905,53.097482105824376,101.25383067892217,86.7793373022758,106.23574787980037,112.24789546298963,142.88443262321422,148.92579442902183,170.90985320375063,135.70396281793043,222.138,198.48
183,89.86767104563383,90.28611501681375,137.488787014372,135.23577698307344,96.33122938415667,87.15443516572157,55.18707187611512,50.51363986147522,105.32074670725149,95.40984694821918,84.44413831376323,94.54706436084301,173.04238329133355,164.4100746113063,165.9232776644662,159.43274433019494,222.155,192.048
184,89.91148488717944,95.47081316710336,132.6681638155428,140.24836403162652,95.86570237430429,90.23647920000724,50.0888224193441,50.58929313975854,97.4353894243267,95.65448927710477,92.0554918877501,92.24242004341284,175.86181742646338,173.70931955165472,163.9714891683443,168.52366824278155,222.162,186.599
185,85.02278362773035,90.06456855781893,130.0309324946377,135.09293841460854,98.77937744077325,86.63721238358434,52.691901642208606,50.75398463094808,105.47214838015854,95.5550782477577,84.21102853001304,92.26275279885945,177.57979610836347,179.7789469465252,168.31822153267268,175.9154293722676,222.183,182.937
186,89.89308083773379,90.17591069804818,140.43787821453176,135.25083613451164,102.56475295594949,86.39277979337531,58.05716529081496,50.61941160439036,106.57580542936428,95.29948205988067,89.31578090250486,92.52197575403618,178.4520123866799,169.7692170163032,165.16957123329635,173.18450811122653,223.095,177.453
187,84.53196850461148,90.27115539632952,134.76561441538175,130.59836890003473,96.18776776591623,91.54597575579311,55.758755365423895,49.4876985644035,95.83099386985646,91.27111308972609,96.30205807601666,99.94074136703144,171.18274488597478,177.80376434938324,163.61144710184809,165.80520033357618,223.12,177.488
188,80.61740142218898,94.05844568586099,129.60955481083545,132.77663860799967,92.95834602009589,89.42513241998539,50.64805146789982,51.80239470453407,95.89929107863371,90.06214143267441,96.28304242968557,99.05339088763334,168.72444653298544,179.97090106998803,161.32878224015826,167.23374732990763,223.987,179.31
189,84.52990964712897,90.2225814077517,134.56866216781856,132.87999946350345,93.69926276750685,92.1169718636277,55.83099616801086,53.824416044637196,96.05030720102958,92.07575882349661,98.11477689853243,99.05607898916995,153.26901886816185,173.5662549738692,177.8205341806865,161.29019061634952,224.006,182.054
190,84.3440785531163,90.39820386895609,132.22569923291667,132.8889075486566,96.2008165934763,92.13896120891026,53.31129745134848,53.56708243681976,95.94313088617548,91.75479876900776,103.15618930435159,96.89811317495803,126.85651663778056,171.26206869131266,140.37310298645826,177.00902443836657,224.913,191.179
191,85.78142319312535,99.23641589990912,134.8286984394261,132.65329069176536,96.55781008681365,91.22077768147216,50.59557015081989,50.547465910760046,104.84161663279168,102.59962562464277,93.93379865592738,88.20490890168931,118.14612890663128,168.1827239201846,136.96412035971647,166.37655472521794,224.923,194.789
192,89.61283124874605,95.19614801912158,137.40066277965943,140.05035602611784,93.7890425129318,83.79872250347712,53.406988635470896,55.90808468978018,105.0952273110134,91.70736951238582,93.6938854166633,96.91861176395496,134.68824702092778,170.96174793650619,154.0162170211115,176.36406908584868,224.909,190.258
193,86.02845852877014,94.00905947361605,132.32102956545145,132.76902898077003,99.7308350853238,92.29183025150044,51.72920190436575,51.83990119148141,99.69977972890624,90.03064505290699,104.60213956328735,97.01237271880323,144.6213064448446,173.7454059739564,159.82505777995587,171.50115358769006,224.93,185.708
194,84.60852381014571,90.11668829510654,127.05486964997971,130.53853740289554,95.8247666075803,94.70600405378262,48.090086048042174,49.513472788596836,95.9266385222229,91.2468162794741,100.19669026216515,97.89880463974382,171.64298037026185,177.67978494974778,177.86048298961674,177.42752028451085,224.019,180.233
195,84.5782243565867,90.08701260413063,127.06616761759801,130.4239244831029,92.66475706198807,94.7619675106405,48.09711114464207,49.45252922326152,95.86578524999788,91.28302532863661,100.5860910399982,97.96507527287706,177.81730685302892,173.4492698048785,179.3172562678497,167.08598587600292,224.008,179.334
196,98.12830951403045,91.4942881136353,139.7298115899576,144.8580868030137,94.89702342446733,86.91203965366459,53.90778011503514,54.38982775931444,103.0377666793454,91.49457431674033,84.90095073542633,98.04202675241181,177.90681267693188,179.96666228778466,173.85657654382376,167.37957854604525,223.092,182.943
197,93.89006851587968,91.40712331956941,145.99194048906446,135.7169764048824,93.46279303034896,94.61410311105962,60.01989244910697,49.777411853627754,102.89976098517913,99.24264859809196,83.01300744152941,90.27874452923186,177.80638195357557,175.92756814469845,167.10064089653318,167.80514774885094,223.099,186.576
198,89.97490827481707,94.87356373025892,142.8513021548933,135.16442074738086,90.0070436214198,88.68881033427733,56.89161940338568,49.56622806329644,101.65501537637961,99.16899548311983,84.46167788507755,90.38810889573402,170.5758436071533,172.36855050231182,172.7358239777725,163.26246649804622,223.095,193.869
199,93.72971982145145,91.13536086636618,142.13786131451766,135.19278912830697,85.49254869231909,91.49869707913928,56.17254564429961,47.859961913035725,94.12831559259745,89.84006216683936,92.10007097427214,97.95178692028043,170.7861031224135,172.6619673157479,177.6408308865777,156.83979537707418,223.08,193.016
200,89.94738054512759,90.06466153732296,142.8619061200456,135.21985086978782,90.81018282160258,86.66726641106352,58.838666321938376,52.403446169798315,103.77786816819241,88.18790278787904,84.09224816162045,99.16464530985233,171.22751845749127,170.55183497850942,165.00839794794032,162.7301821632825,223.06,190.243
201,89.89652940513318,90.18363653427774,130.23787677357157,135.09322748560172,87.97029941890987,92.85397089093807,49.650353873422404,50.5428038571015,99.51146452683118,87.7781938274668,95.94609641807622,99.8437430812689,175.08469910808944,169.24408692001307,162.11854234035826,154.85756557338038,223.065,179.334
202,86.1818434755017,93.941675771979,127.7768306615339,139.806535203358,100.68975584226881,91.54464019659686,48.652991130224294,51.66640816632892,100.9774677366848,91.85526586799558,96.26379747625182,96.48560692928123,172.3215219881785,174.6389561415069,166.03523311830023,167.95075102711183,223.073,178.386
203,89.87740802500717,90.24486083747212,127.78887458034364,140.267005313994,97.4446276343489,91.20259944816294,48.69077718387761,52.05882120200635,100.92716517288075,91.8260301679798,94.26864149074683,96.72597131647032,175.5857623925026,177.74979462488722,174.66720286939903,159.84418468997436,223.075,179.27
204,90.00394884971023,90.12220771939339,127.62917202644876,135.1318729992467,100.51798624891862,92.9964009451597,47.16366528981829,48.78140453920043,99.41182847410079,93.85335022986033,90.22322021833678,99.01020584949646,178.01648566265033,165.9875624375468,163.77028942010082,177.53822607714528,222.188,179.311
205,93.93409265492159,86.17705773643831,129.8077905809966,137.46699315777758,98.68168765063125,90.75336834389823,51.149288472818455,49.434125884172936,93.60471905910981,92.20522469158313,91.9189011678307,102.89045314375481,177.00958888474474,131.17420619524353,171.13522923945567,154.56772460034276,222.178,185.718
206,93.66523095294407,86.4373266993609,132.2278821344111,137.6746984980461,98.95053559726124,90.40407849732289,53.63863522218893,49.57194926125653,101.23476776480777,92.2027716455056,85.9777167984365,103.93546996974693,170.6755651320973,131.5876456062936,166.66954589536297,161.0670654617713,222.169,191.154
207,94.13966660994372,91.23569839450865,127.04032691773425,147.60881480256614,100.7699317427828,82.7337692181367,52.352472886066685,52.24397196350236,104.9223030416478,97.9204700516734,90.24394761643066,98.28296714926414,164.1896289807265,144.59770249728743,154.40426289296218,168.4671352126001,222.196,194.795
208,90.20171109621137,89.8719891053605,127.70702251797033,137.5281135954304,100.5584840314077,90.49021658760995,50.77194780170489,49.528561349135,94.16532575777235,92.18336530120622,96.4965816246299,106.77282170765844,166.9182510973927,145.32955741118298,156.69875071142022,177.06821457562566,222.191,192.078
209,90.29590475308433,99.54067560865275,132.24178393722,148.2420938475235,97.39490210648107,90.81400906731052,50.82772977815267,54.9222839591264,95.33924185920519,92.17188379313295,91.45113465247458,108.17520395943616,177.73168910561654,148.75334541919554,177.10494856538276,173.37914390557046,223.084,184.799
210,90.02397473950104,90.01798006481673,129.83460243250363,137.70896192263393,95.2673065921209,87.48685740199718,54.72750496986534,47.68401066866536,104.66899969607016,97.94258049168513,82.22868560971627,95.0735297010924,167.69009009648485,162.82880525800536,159.89236351131956,176.09922153161767,223.991,182.035
211,90.05181634338345,84.69095493241717,125.77417143230926,131.98357130855754,93.1183077480074,93.73495169599671,50.509175001166426,49.23879962773498,104.70572283092872,92.08901812259764,88.07825818546523,98.15636020052038,171.02529684960044,179.71705737713654,159.0978175642747,175.79316710131607,224.904,179.315
212,90.97812059415661,88.61790120112451,137.49220504287112,131.7819536117996,89.45399465977171,87.89476526155792,55.55516797924282,49.209464336561545,102.98225374914372,99.80688301848922,86.22943061892137,88.32270551381431,173.64263501487306,178.0625916903181,175.36069655216255,170.0255443433311,224.916,181.101
213,95.34328375390444,89.97700218458533,135.78135276380306,137.37650429553318,85.84412211515397,93.63316674618451,53.42655198697801,51.22867433844346,102.95149198126529,93.82424420834147,86.22391136444882,93.79347941401637,179.60463732745922,176.09633605896278,162.00614873214514,172.6721732170363,225.828,186.587
214,95.21718504185527,90.15149713593496,140.30911173530808,137.56364584469725,87.4849533282365,90.91306167483964,57.9532011539207,53.23376819500692,92.33834249000684,95.85068146274077,98.50314379474021,96.02036709375396,177.4961376984555,166.98277204610645,175.16107484419283,163.77712088502747,225.849,190.265
215,86.4233535429144,93.7080667025985,132.66634595680932,132.47663476756838,89.3986200875137,95.87015817179292,53.807751443564456,48.263792065652204,101.22066110161198,95.80825087937022,90.08845639120833,96.48907326761805,172.52016231918554,163.59235762051148,178.12608129123652,143.54140968666297,226.732,193.888
216,81.38802995884652,93.84067880497479,127.54230041691588,135.17472685042412,92.53361353311439,86.81937337628673,51.69311074087032,52.5894918855837,99.29623950037114,97.51871050524443,87.89324163489016,92.10601750826889,177.3884206537542,175.68585645471202,168.11467885493138,169.3675019594115,226.752,188.412
217,88.67713610108233,86.44339540316612,129.96595499037318,137.68881655610164,89.95056185856554,87.63287530420307,54.24754572217781,54.84408193351597,107.09461399788229,97.22340016663217,80.26836627622704,92.16305964603646,176.10389447025182,173.81875536644307,164.1714485268092,162.05383903139526,227.629,183.839
218,85.08990497118002,95.42781233882164,129.94102482800784,142.99949110910435,89.94749769680527,84.76134643189963,52.250330603398716,56.73758329358765,97.41727121220502,99.25223535821796,87.84934152898367,93.9494180195568,176.02570095104733,171.79553966777624,163.99673837192714,175.45683133808726,226.76,182.035
219,88.90978852176633,91.62173233217324,127.49487316049662,143.00603524072235,95.68515862887845,87.5458961765,51.42971118958751,54.96838561876282,99.0357204431838,97.51779584373493,89.64416456754338,88.0854685781647,177.68875797227142,179.8667359951198,162.01103613121046,170.65873454042878,227.631,182.04
220,93.53610870465701,91.79385607545544,137.32178721480471,145.06612447928936,90.497869228558,82.86595936300135,56.67969507060874,56.95389582476174,99.36721868814355,88.4606453988166,87.64014178289088,94.80712196272938,173.89556037911592,179.81997446803754,155.51053274035925,163.0668537095666,227.652,184.792
221,93.81852099306646,86.26816290986763,132.39765877027347,130.59910118518096,92.7239889038904,94.37281379106204,51.87288072481339,49.47587779159863,99.51901370744324,90.01125854336989,89.79046313907645,96.96810061865433,177.81176723042293,173.28920425235827,157.48076172288927,157.2312623708537,227.666,186.631
222,84.9771546256803,90.1381767455475,129.8475866762318,135.2790058073889,102.4490489580296,89.93454905804121,52.58927728719939,52.650069234961215,97.83250199563705,88.51714096205426,89.76578512299113,99.05241996731249,177.44037133614228,162.35502674513324,161.68162327107487,146.0887396840613,228.54,195.741
223,89.94024494817607,90.19046344493022,137.71878876317865,135.25898595819527,92.98706058939052,87.11706517781622,57.180525044420904,52.72095540128182,99.5889015983911,97.49359879772534,89.78904956413767,92.40086739959428,177.13769971716582,155.92521468310886,161.26532874863514,148.433329463928,228.536,198.452
224,89.8877966833206,90.16943012341567,129.89213907225374,130.367419156073,101.39678965782147,94.81734054940685,49.396626865956804,47.89718364070917,99.58498081167328,97.49844059675989,89.90630457887163,92.45352554229311,177.18885700651276,151.00241485518072,161.150891020855,137.2846043746554,228.548,200.277
225,86.04786577910352,94.00211099208917,129.83983076084803,130.40820346389248,101.19979675211816,97.9377876110513,49.291213789605074,47.9541346831678,99.54605796800257,97.54392409367827,89.89996363936277,94.61713912001709,177.40319917248297,146.6853886111669,159.0518364740549,135.2085077363298,228.527,200.307
226,89.89118922089762,95.40460613277614,132.4899285665076,140.21980791260785,95.69118345894277,90.11436258054012,50.23255910266143,52.53653662217551,105.29877296023439,97.59156253964339,80.24895968704179,94.85469092962224,178.05133356434237,145.3951327111828,172.2172319314751,164.02464443173824,227.637,201.159
227,89.89759021981925,90.1423179750446,132.564062626535,132.86935145284482,92.44403738468857,92.30154306551172,52.06554625616748,51.91327635766341,107.08587425119123,98.97664138366976,82.3174345109318,94.61906028123593,172.9749647981618,146.99021076755952,173.2324550110918,172.18013291160864,227.619,201.168
228,89.8842165856523,90.13667381091135,137.33891500684976,133.03554585856676,90.23462416171208,92.10426422207523,56.637134379305486,53.72140288726125,99.33861044105024,100.67696871951412,87.64269402584455,92.32266786943616,175.84524549670243,154.6908576570415,173.86387455112154,168.1875735250032,226.708,200.284
229,90.00437865955928,90.15094378101298,134.97155077240953,137.60253723357545,90.03104396838091,87.56992574729642,55.582156251353766,56.18658121123183,100.7125162157992,98.66867897661052,89.8096395005396,90.15139640394186,173.31691118033274,159.49427647553887,179.85523560881845,147.13996237571848,225.822,200.263
230,90.06397319379748,95.0049680463262,139.551639407679,146.76597731001652,90.5734884941033,86.02842479020569,56.97494036586494,57.46097629013164,97.4710332486495,95.71630107983368,89.98709310229593,90.18487006483042,169.46484915825008,176.89815721147394,162.6123285707141,170.66905388413244,224.902,197.542
231,89.97243639881317,94.8971645981143,134.94951174983865,139.99498521552917,89.94078282738403,87.16667030757544,53.950480098667555,52.296328633980465,107.67844935217786,104.9607777546418,75.7079845922441,86.56464190193006,174.58784765275536,170.88338897751697,173.99964645369903,166.51998853282893,224.035,187.484
232,93.73227524581522,86.28760608577076,134.7848658695813,135.23978780305094,87.30142991138665,89.87387524619658,53.26899545688399,51.739818000714884,98.43118274092704,96.56397314297921,86.21897392960426,98.12097630061389,170.32937882550237,173.0494167558898,155.56280434149167,177.30290272393822,224.02,182.944
233,88.61378601766353,86.52204428066476,127.93994808676358,135.21187048955056,85.95091582949965,89.92774988235149,51.30489108364536,51.94274080607199,98.45274259803855,96.83269151030726,88.10997633923597,99.61880226713038,174.1146241585334,177.4730757843347,163.37854546773642,171.72039055982617,224.02,182.044
234,90.01836708532899,89.9665742540733,132.78672675058894,135.0806082104751,89.26531476226629,89.99968011407418,51.21931071997719,50.12330257463407,98.41141659052052,95.02934534180113,88.16589675362295,96.03905499005484,174.07820752686263,176.19131851800444,169.42884256373736,160.81705900160088,224.02,182.952
235,90.03578742115488,90.11438397237949,132.91628579108846,139.61199666096002,89.28794064599514,88.22821102447885,53.158397330314955,54.71012153219261,100.28207869334109,95.23529605854189,88.22474683924635,93.67450987669505,179.7942087446651,178.0319731797893,156.21321018901952,158.85151329224885,224.906,186.616
236,90.01264045517735,90.02913045021126,135.0047665393402,137.24576702701933,87.43423006432052,90.57106969799557,54.92498944681162,52.29396100865902,99.9919756454272,94.9823855724984,89.95539657642516,94.05407114097052,174.3498984378866,174.00361339285615,160.46033625360337,153.82000124754146,224.892,191.169
237,89.88901792165646,90.15074259308831,130.49739973016145,137.11135065117344,91.5846494386828,88.03530612692273,51.10849436050173,52.3335947920954,100.50408610561952,95.47116365365977,105.22877905198143,105.28456040555831,142.2340494903066,146.73639348386914,157.0758405897979,173.1454846851275,225.8,202.116
238,89.80529348661867,90.27741969059514,132.64992764430113,137.10720743350447,89.81342751630233,87.89392621374134,52.90116559509767,50.55861892863252,100.1933026245776,93.53283185706063,108.50292613787563,106.30652867761609,135.0495146734541,142.3114018032103,153.8315183391795,149.40764077429532,224.94,204.856
239,90.02367939689061,95.02240533854582,132.6596928504305,144.3368983831388,98.21708062280166,88.42610664551157,52.88295013441064,52.97167700543734,100.22414122492921,93.67091008222684,114.38702813930443,106.89768444654707,126.16810136486609,139.9316255478588,138.86635692258716,156.86522085119734,225.807,206.639
240,94.93142356943468,94.98963151403765,139.87440718909806,144.3307450276835,93.0677250255159,85.65888648635418,55.809605088866114,54.84265375810955,100.86662146920271,95.49257657440023,111.29253235575885,106.92093537408354,131.14354434452846,143.0472032025075,125.96720840700742,169.22028660923303,224.924,204.862
241,89.98573333274878,90.14221856009306,132.78510004834922,132.89917097018844,89.36137179695484,95.38440009160148,51.688529330444304,48.11767638059898,98.91945445617084,95.36301078255838,96.32009440111152,96.46480077427346,159.12681719285465,167.13324831097393,174.51231603951084,163.90484723380408,224.9,193.889
242,85.08252837811601,90.0230200301975,123.3551370220133,132.80319357305675,100.00298240458412,92.26103788814709,46.73308603330035,47.912992503002535,98.44375070142725,95.12279811482485,91.96348904694413,92.19241457817316,168.2018838986407,177.77389897154538,146.20366313833767,161.3767172420533,223.997,190.246
243,90.08152106192789,89.9755555382698,137.44088118630756,137.54956943182862,90.87591307795185,87.3627647509392,56.33714832424649,52.88196281132876,98.99105339945831,95.24095288966653,89.93237441642235,90.2534687770161,174.04019481055002,178.26565352248235,155.42923112002936,178.00460857012553,223.979,183.851
244,89.99550208078928,95.37015707011345,130.17728270587722,142.55682659477435,98.01177492329573,87.91021361466973,50.47171589246974,52.478069444987526,100.31444918277859,95.26769186023826,87.96954189933099,91.88478883317205,178.12958728689534,179.88150844014976,168.9345667193316,170.9261198941979,223.12,182.05
245,93.76800240671659,91.1885423889606,130.26762812134206,142.14853395839438,97.94996759551613,87.93062085474888,49.201137262532995,52.53214578452103,98.94998825160148,87.6259139738541,84.25252044061197,97.75571713400268,178.04245108900213,178.03260259094807,176.18445223465756,171.5173895883293,223.098,181.152
246,89.95644532357,90.07807983479067,132.63891127585933,132.9152680839234,92.47146630631661,94.93275131885652,51.89314145142716,48.256642636612085,99.24234135199904,87.71558199074674,82.12144104933381,93.73274599878178,178.04907006119726,175.9944846334921,163.2649313392163,161.50650064786115,223.074,186.631
247,89.98474800865648,90.11241190068134,132.67825022679048,132.93876417755777,92.49103926688896,92.08662807457529,51.90305631611528,48.40794163485075,99.23951054780086,95.50668944997204,85.65867866277256,87.80889690225237,165.84291477944126,179.81028302459376,145.69484646667144,150.14273517147757,223.08,193.911
248,85.08710367147997,90.13834865169824,129.9756236229336,135.2286461358799,93.16369971964502,89.81535089927382,54.10919935754633,50.61047587073091,106.91208321602114,95.46689199904003,78.10327550681833,85.74647358342267,160.69554457485793,179.79416378319385,149.70135319514398,170.18006077457645,223.073,197.519
249,90.0678293776649,90.0856527885205,134.87733518597787,137.58445940733023,98.8767875608078,87.64270867060208,54.128114181237436,51.059565242533424,99.32141393876206,85.97634349447884,87.85636135397979,90.89242638199669,151.10430132124415,177.74057204989066,143.45948899013501,170.4778330374622,223.074,199.395
250,89.90280637120789,95.0533926306492,130.26874909714044,142.255723248949,100.97908410149365,87.72303250646597,49.1562338793629,54.58531498317925,99.0102835652235,97.07272029493294,91.9160416416678,83.83496373633025,142.17378215407442,176.05534968193248,132.5784446470279,159.4775874204216,223.054,202.105
251,89.87531106266049,95.01258743236737,130.24190731103283,140.04266549197393,100.90034951103497,87.09489623845026,48.891302642503256,51.96684518616611,98.74031491239789,87.76411569577552,91.87088852289656,92.46519317358162,140.54706601927708,175.722324588067,130.0038861672247,168.38016767342998,223.052,203.022
252,86.5302708571102,93.52663926300434,132.60544361988977,135.15581355551257,92.57838157121877,90.07254473168672,49.91676234637236,51.90429493016947,97.3288131290701,89.05729887635236,85.47282942857463,93.37640781353905,159.35878219823613,173.11337468517036,165.21417800534377,163.00428457963903,223.089,202.116
253,85.04585763890105,90.18302871471425,127.7555627590008,135.19779800432497,95.4307954364985,90.01740810367531,51.314593904257706,52.10614852942267,98.75177110259949,96.9536395785318,85.268348596531,87.76236741170496,156.4098014185689,170.28049111398255,161.16527748054585,160.8442631819208,223.112,202.103
254,89.8695966411166,94.54575805666099,137.0629546802585,137.3861806944549,96.79825125196174,89.24496861116103,52.301483491299685,51.14783549428054,95.27055192754446,90.39144518683884,83.28114990196514,97.85578242591156,159.87207982586898,165.1147782940817,153.42693058961004,165.16402734795483,223.099,203.018
255,89.8581742782687,94.99406163279058,139.4543165131081,136.00718160500645,96.60908576941787,91.05661985130536,54.67846288376002,49.31185667751538,95.23879274544679,90.44440370037825,83.69885190238995,97.78294180803366,169.67781516956316,165.17595470144994,169.38570505332464,155.94991919420139,223.095,202.119
256,93.04647378390972,87.09837022593318,139.61720880147965,135.16942892517932,94.28257554480524,92.6376254056784,54.861501513641805,53.41074105302338,103.11643460938505,98.11154113972519,84.15459064334912,88.32812454544515,131.93234745823915,171.4338306421773,114.92605374993443,155.62635892453363,223.078,193.88
257,89.93961728675065,90.02008937120156,132.61532674537744,132.7793749766016,95.47817087918747,95.27214947553551,49.55989398845936,51.08553859367581,104.82171845627232,98.01613573341682,86.15292067334484,86.6364658091335,175.79859800284987,178.4436228215702,168.6465491162866,169.78147717518274,223.07,189.313
258,90.00464468928786,89.92109219773747,130.46514713867535,134.93252759550163,94.39894898845901,90.2367276734023,45.64578399714614,51.51019554552832,103.01424040329044,96.35076290946205,86.1657003352043,88.49660766937802,179.452764366832,176.27177363813075,166.4309411117309,167.5609001039555,222.207,183.834
259,90.05282097553338,89.88434591317893,130.52125494970053,133.0519083511792,94.54051817054102,92.14383462235587,45.726138885095445,49.60404698804934,95.39496264835506,89.5787594394457,93.54436265994349,95.32400236956585,173.36124093091146,174.476238237696,169.50375867297976,165.8922009027827,222.196,182.06
260,90.15684573324788,89.8279094987229,132.53694327386037,133.05980471709103,95.7791487070702,92.12109565882974,49.298487195317065,51.07205686749316,104.63689639637737,97.78149401086957,85.80660277928567,90.32253935862272,175.62612014514292,176.06863441183864,178.86028448019115,170.66837841273195,222.189,182.927
261,88.43216143196487,91.20497537496507,125.59454604774461,137.434550725048,97.43382051692684,95.06577716804412,47.39450087623236,49.471367322629455,104.6208467833117,89.724974572964,85.8743930328988,97.0813772253176,174.458462752853,178.022682941063,147.37932526822323,166.76253146572873,222.203,190.243
262,93.32114216523857,91.63658641238743,137.2968424878642,139.95505754613833,92.79322114271356,93.0314202662088,55.716089683037325,50.09230727063578,98.38792958488796,95.12873849196158,102.39296405327664,102.13580074719737,150.99835891454683,148.91442287345632,172.88487198730817,137.78240629852863,222.204,201.19
263,85.03346660283248,90.19153963275805,127.85643852994725,133.15684480605728,97.86864680266378,92.1079359482363,49.38982591432833,48.03357802754637,96.59904628782462,95.02177467396254,108.37972537692579,108.63720138250201,140.44060905894264,137.62703275602072,158.83846923122655,132.78332387799654,222.188,205.753
264,90.03284718678475,90.19482463392065,139.4754885185748,137.34998416151788,90.56887270938313,87.98521259037398,56.669551919619174,50.782606918083935,97.14443763600148,93.70676593411723,111.47467414509953,110.61414623388085,133.9710416990941,130.84976040129095,121.9789934395434,151.16263284884275,222.199,207.607
265,90.02770833915679,95.42849682047854,137.3130514396724,144.66944938331602,87.6530949080034,88.54156907461872,54.3018725852218,52.89698088334053,96.98312574004996,93.68152592756448,111.43895008217376,111.413918267183,132.04388392758443,129.1224222340119,126.85063773251599,164.4883222878354,222.2,208.468
266,89.93044241101026,95.43905674814462,134.95783062708796,142.7749381113869,92.67919517983593,87.73436572208324,53.66081718850181,52.65623018914167,98.58755565995784,95.34830601027154,111.29671166475472,111.38668471832885,134.1332721705018,131.11105058235148,133.96099536538946,134.01040578474758,222.177,206.656
267,85.24352011749781,95.71985856813738,128.03136343848394,140.5808756319328,95.15318784145938,93.00964532976096,49.699289498846234,50.30684213346138,97.1038971704975,87.56417113043649,94.33022812886583,104.5056334001298,165.3116264128589,160.3312433051826,160.24742819369303,158.90310415982128,222.149,197.558
268,89.98953310579556,94.9125413682768,128.33254327975462,137.45325160209686,93.44743501138242,92.46976367615652,47.263352817369764,48.14590485614968,98.96783844312529,95.4256971534437,92.02121140122911,92.34624257278087,169.50735186010462,169.40240714306276,163.37881670989353,171.97631292236537,222.147,194.805
269,90.19676824309646,95.20932281606714,132.74162568496104,140.25189164411503,92.11701180098808,95.65070961248473,52.98170424295529,50.25581130727193,100.2895113778389,95.36816672573792,87.96980017007839,86.20691162054095,179.8363581798279,178.44418134348038,174.0305328515364,159.0390700805416,222.137,193.925
270,90.10479134469767,89.99543075404803,132.5484917649117,135.0517567241494,95.24268589543524,90.20899260139136,53.09274216960846,52.0492832440835,100.58581425631988,97.03506179521001,85.96456087313548,84.15410564377585,176.07845870919672,174.08417505370727,171.73941847624835,161.92167431515452,221.279,193.921
271,90.01464000253988,90.07489921075404,132.35986283278103,132.75079826341567,95.49635254331096,92.70492355719234,53.25520061267616,50.02222128939421,100.91605291338787,97.28772848868566,85.9620799305248,84.34654160970263,178.11866241551132,174.22518994222258,159.63135689999407,161.77909350736496,221.281,193.919
272,90.0356312817859,90.05608699092737,130.20005139018804,132.6971789943338,94.9046165404342,92.73265109589136,51.088003175108575,49.988867382536284,100.92963047849608,97.28918839354107,85.84588337720433,84.12596991249117,178.07624511427338,174.02214601457067,159.16142655543996,158.24252365447376,221.285,193.919
273,90.00734511978816,90.05417046165448,130.2169995153001,127.77786408338297,94.87200685062245,100.74640373788874,51.11376774597233,45.07956879819343,100.93053322133446,97.2952850734193,85.8848553682596,81.98867120506748,178.1518083348641,171.9340409509916,139.3280118389778,153.64524442453433,222.136,193.906
274,90.02517105112553,90.04584131481788,127.75344750136296,130.27142271676584,100.44634175893032,98.29938697291986,48.6571239701661,45.864215109109956,100.95173599232388,95.58011720594149,85.72752972871292,82.03851903709243,177.98747899273607,172.0135039299314,158.94348855273384,168.93112923932838,222.141,193.91
275,89.99582023181478,90.05642493486597,127.70340028468286,130.17351460571592,103.32821050451184,98.33668430434751,48.588383567453484,45.78187330335236,100.9239908563488,95.56656568568535,85.88245683188039,82.27962187839212,178.23989578196162,172.19871731022465,159.15956455143274,158.4800272261036,222.14,193.916
276,90.03986969074776,90.02726954202079,127.73493134917332,130.1169438710902,100.5405104854817,98.36607984828595,48.607720123207415,45.7447591414344,100.98228188004589,95.53800697235505,85.73957807064468,82.02758142303722,177.9858844317503,171.94905455277313,159.27300026117067,168.7626067155182,222.15,193.897
277,90.03253938432103,90.03765579178578,127.71152695896744,130.16066604070772,100.46254556226236,101.06604325186528,48.58943649561838,45.79296347593059,100.9897652038522,95.5507443031088,85.70412441785248,82.05160055528594,177.94604909114938,171.9700959678443,151.32701849102378,179.92433506213033,222.14,193.897
278,90.02729172544728,90.03766083672836,127.69046459662887,130.15872957647977,97.37594470749272,101.06873422110212,48.57324054542864,45.7908273933949,100.98938763590235,95.54007539387135,85.70181248691995,82.06804813460676,177.9510667671641,171.96602474516794,151.29442979021556,179.92690708149857,222.139,193.895
279,90.0094678145013,90.05022939706333,127.68893008953921,130.15978163588088,97.33729781309269,101.07767719427092,48.566124300983304,45.798912747421184,100.978536212606,95.5680434576176,85.68633516350248,82.06089884709726,177.92981058325435,171.9999139845875,151.21211943863676,168.7466319261678,222.138,193.905
280,90.01994983815351,90.02927077880629,127.65329471276343,130.1825324185532,97.43578271271399,98.29720712409842,48.53051587755415,47.53865453953389,100.9243388979327,97.2848078715612,85.72425048541214,83.95002839928468,177.94338675892692,173.87373901842878,150.95438314302908,168.4697033416861,221.291,193.908
281,90.00214160635024,90.04808729277848,127.66248890015912,130.1816413700218,100.55533283948266,98.26325655791368,48.53991774813359,47.539477907224644,100.90889275448389,97.29277455303804,85.7346603289589,83.95002839928468,177.9563003292252,173.86871439528457,150.87077470578035,168.35570720315872,221.291,193.909
282,90.0052752159758,90.0209399082532,125.73262819091265,130.17697817762377,96.22710143219045,98.25907701733412,46.62274191786914,47.54284888906657,100.91632885118551,97.28207438433228,85.73234825850552,83.94999774961103,177.9562157194708,173.8662014225005,151.00611084144205,168.58101592657633,221.29,193.91
283,89.9969078226862,90.04806819789678,125.72075079965252,130.17537746257668,99.42631664347368,101.00916518964635,46.60651132681958,47.527758421483156,100.92237982406394,97.27688823609274,85.72587874261644,83.96694460941556,177.96636039723575,173.8827345116862,150.98312012496964,168.5424455689024,221.291,193.908
284,90.00739815242024,90.03555869971467,125.74144388752889,130.16481156309962,99.44344914116859,98.2650011368532,46.615588706862916,45.80819160634178,100.91084599079592,95.597406221962,85.73662769213274,82.03020973684447,177.95761205837366,171.99555947854714,151.000643442424,168.4965643954703,222.136,193.912
285,90.00428373204849,90.05017429606124,127.63525038316185,130.15413810861094,100.67067387722106,98.25208041642409,48.49708781036834,45.795076072824486,100.90378545998826,95.58102482919126,85.73807839358194,82.04792225131492,177.96360990723676,171.99558616322443,150.91688122501992,158.1729176443711,221.291,193.911
286,90.01577868994404,90.02718419738977,127.6134621754067,130.09883689484292,100.66863325294355,98.28730479137893,48.48458897767132,45.73221558045176,100.91685338838747,95.57696971324022,85.8614538470955,82.05920726587141,178.15497035243428,172.0417510201852,150.89548898603735,168.47790972022497,222.137,193.917
287,90.02520851207699,90.02925198974627,127.61170975254683,130.1046437132478,97.51765246775555,98.29208593682685,48.480745117992775,45.733773510468204,100.91098723751193,95.58940892502447,85.87303045729381,82.05441054327564,178.15021238119292,172.05242726146187,151.07406238660346,179.68450661248775,222.137,193.918
288,90.01577716081437,90.03969367304407,127.59877157427401,130.12844438762914,97.51832441170968,98.28536690005646,48.4777090141513,45.753918982367466,100.92466828680156,95.59199851307449,85.86704846592148,82.05816523788513,178.15555916552992,172.05868474171817,151.06339285594257,179.6617962585853,222.138,193.917
